driverId,number,forename,surname,dob,nationality,driver_is_active
1,44,Lewis,Hamilton,1985-01-07,British,1
2,\N,Nick,Heidfeld,1977-05-10,German,0
3,6,Nico,Rosberg,1985-06-27,German,0
4,14,Fernando,Alonso,1981-07-29,Spanish,1
5,\N,Heikki,Kovalainen,1981-10-19,Finnish,0
6,\N,Kazuki,Nakajima,1985-01-11,Japanese,0
7,\N,Sébastien,Bourdais,1979-02-28,French,0
8,7,Kimi,Räikkönen,1979-10-17,Finnish,0
9,88,Robert,Kubica,1984-12-07,Polish,0
10,\N,Timo,Glock,1982-03-18,German,0
11,\N,Takuma,Sato,1977-01-28,Japanese,0
12,\N,Nelson,Piquet Jr.,1985-07-25,Brazilian,0
13,19,Felipe,Massa,1981-04-25,Brazilian,0
14,\N,David,Coulthard,1971-03-27,British,0
15,\N,Jarno,Trulli,1974-07-13,Italian,0
16,99,Adrian,Sutil,1983-01-11,German,0
17,\N,Mark,Webber,1976-08-27,Australian,0
18,22,Jenson,Button,1980-01-19,British,0
19,\N,Anthony,Davidson,1979-04-18,British,0
20,5,Sebastian,Vettel,1987-07-03,German,0
21,\N,Giancarlo,Fisichella,1973-01-14,Italian,0
22,\N,Rubens,Barrichello,1972-05-23,Brazilian,0
23,\N,Ralf,Schumacher,1975-06-30,German,0
24,\N,Vitantonio,Liuzzi,1980-08-06,Italian,0
25,\N,Alexander,Wurz,1974-02-15,Austrian,0
26,\N,Scott,Speed,1983-01-24,American,0
27,\N,Christijan,Albers,1979-04-16,Dutch,0
28,\N,Markus,Winkelhock,1980-06-13,German,0
29,\N,Sakon,Yamamoto,1982-07-09,Japanese,0
30,\N,Michael,Schumacher,1969-01-03,German,0
31,\N,Juan,Pablo Montoya,1975-09-20,Colombian,0
32,\N,Christian,Klien,1983-02-07,Austrian,0
33,\N,Tiago,Monteiro,1976-07-24,Portuguese,0
34,\N,Yuji,Ide,1975-01-21,Japanese,0
35,\N,Jacques,Villeneuve,1971-04-09,Canadian,0
36,\N,Franck,Montagny,1978-01-05,French,0
37,\N,Pedro,de la Rosa,1971-02-24,Spanish,0
38,\N,Robert,Doornbos,1981-09-23,Dutch,0
39,\N,Narain,Karthikeyan,1977-01-14,Indian,0
40,\N,Patrick,Friesacher,1980-09-26,Austrian,0
41,\N,Ricardo,Zonta,1976-03-23,Brazilian,0
42,\N,Antônio,Pizzonia,1980-09-11,Brazilian,0
43,\N,Cristiano,da Matta,1973-09-19,Brazilian,0
44,\N,Olivier,Panis,1966-09-02,French,0
45,\N,Giorgio,Pantano,1979-02-04,Italian,0
46,\N,Gianmaria,Bruni,1981-05-30,Italian,0
47,\N,Zsolt,Baumgartner,1981-01-01,Hungarian,0
48,\N,Marc,Gené,1974-03-29,Spanish,0
49,\N,Heinz-Harald,Frentzen,1967-05-18,German,0
50,\N,Jos,Verstappen,1972-03-04,Dutch,0
51,\N,Justin,Wilson,1978-07-31,British,0
52,\N,Ralph,Firman,1975-05-20,Irish,0
53,\N,Nicolas,Kiesa,1978-03-03,Danish,0
54,\N,Luciano,Burti,1975-03-05,Brazilian,0
55,\N,Jean,Alesi,1964-06-11,French,0
56,\N,Eddie,Irvine,1965-11-10,British,0
57,\N,Mika,Häkkinen,1968-09-28,Finnish,0
58,\N,Tarso,Marques,1976-01-19,Brazilian,0
59,\N,Enrique,Bernoldi,1978-10-19,Brazilian,0
60,\N,Gastón,Mazzacane,1975-05-08,Argentine,0
61,\N,Tomáš,Enge,1976-09-11,Czech,0
62,\N,Alex,Yoong,1976-07-20,Malaysian,0
63,\N,Mika,Salo,1966-11-30,Finnish,0
64,\N,Pedro,Diniz,1970-05-22,Brazilian,0
65,\N,Johnny,Herbert,1964-06-25,British,0
66,\N,Allan,McNish,1969-12-29,British,0
67,\N,Sébastien,Buemi,1988-10-31,Swiss,0
68,\N,Toranosuke,Takagi,1974-02-12,Japanese,0
69,\N,Luca,Badoer,1971-01-25,Italian,0
70,\N,Alessandro,Zanardi,1966-10-23,Italian,0
71,\N,Damon,Hill,1960-09-17,British,0
72,\N,Stéphane,Sarrazin,1975-11-02,French,0
73,\N,Ricardo,Rosset,1968-07-27,Brazilian,0
74,\N,Esteban,Tuero,1978-04-22,Argentine,0
75,\N,Shinji,Nakano,1971-04-01,Japanese,0
76,\N,Jan,Magnussen,1973-07-04,Danish,0
77,\N,Gerhard,Berger,1959-08-27,Austrian,0
78,\N,Nicola,Larini,1964-03-19,Italian,0
79,\N,Ukyo,Katayama,1963-05-29,Japanese,0
80,\N,Vincenzo,Sospiri,1966-10-07,Italian,0
81,\N,Gianni,Morbidelli,1968-01-13,Italian,0
82,\N,Norberto,Fontana,1975-01-20,Argentine,0
83,\N,Pedro,Lamy,1972-03-20,Portuguese,0
84,\N,Martin,Brundle,1959-06-01,British,0
85,\N,Andrea,Montermini,1964-05-30,Italian,0
86,\N,Giovanni,Lavaggi,1958-02-18,Italian,0
87,\N,Mark,Blundell,1966-04-08,British,0
88,\N,Aguri,Suzuki,1960-09-08,Japanese,0
89,\N,Taki,Inoue,1963-09-05,Japanese,0
90,\N,Roberto,Moreno,1959-02-11,Brazilian,0
91,\N,Karl,Wendlinger,1968-12-20,Austrian,0
92,\N,Bertrand,Gachot,1962-12-23,Belgian,0
93,\N,Domenico,Schiattarella,1967-11-17,Italian,0
94,\N,Pierluigi,Martini,1961-04-23,Italian,0
95,\N,Nigel,Mansell,1953-08-08,British,0
96,\N,Jean-Christophe,Boullion,1969-12-27,French,0
97,\N,Massimiliano,Papis,1969-10-03,Italian,0
98,\N,Jean-Denis,Délétraz,1963-10-01,Swiss,0
99,\N,Gabriele,Tarquini,1962-03-02,Italian,0
100,\N,Érik,Comas,1963-09-28,French,0
101,\N,David,Brabham,1965-09-05,Australian,0
102,\N,Ayrton,Senna,1960-03-21,Brazilian,0
103,\N,Éric,Bernard,1964-08-24,French,0
104,\N,Christian,Fittipaldi,1971-01-18,Brazilian,0
105,\N,Michele,Alboreto,1956-12-23,Italian,0
106,\N,Olivier,Beretta,1969-11-23,Monegasque,0
107,\N,Roland,Ratzenberger,1960-07-04,Austrian,0
108,\N,Paul,Belmondo,1963-04-23,French,0
109,\N,Jyrki,Järvilehto,1966-01-31,Finnish,0
110,\N,Andrea,de Cesaris,1959-05-31,Italian,0
111,\N,Jean-Marc,Gounon,1963-01-01,French,0
112,\N,Philippe,Alliot,1954-07-27,French,0
113,\N,Philippe,Adams,1969-11-19,Belgian,0
114,\N,Yannick,Dalmas,1961-07-28,French,0
115,\N,Hideki,Noda,1969-03-07,Japanese,0
116,\N,Franck,Lagorce,1968-09-01,French,0
117,\N,Alain,Prost,1955-02-24,French,0
118,\N,Derek,Warwick,1954-08-27,British,0
119,\N,Riccardo,Patrese,1954-04-17,Italian,0
120,\N,Fabrizio,Barbazza,1963-04-02,Italian,0
121,\N,Michael,Andretti,1962-10-05,American,0
122,\N,Ivan,Capelli,1963-05-24,Italian,0
123,\N,Thierry,Boutsen,1957-07-13,Belgian,0
124,\N,Marco,Apicella,1965-10-07,Italian,0
125,\N,Emanuele,Naspetti,1968-02-24,Italian,0
126,\N,Toshio,Suzuki,1955-03-10,Japanese,0
127,\N,Maurício,Gugelmin,1963-04-20,Brazilian,0
128,\N,Eric,van de Poele,1961-09-30,Belgian,0
129,\N,Olivier,Grouillard,1958-09-02,French,0
130,\N,Andrea,Chiesa,1964-05-06,Swiss,0
131,\N,Stefano,Modena,1963-05-12,Italian,0
132,\N,Giovanna,Amati,1959-07-20,Italian,0
133,\N,Alex,Caffi,1964-03-18,Italian,0
134,\N,Enrico,Bertaggia,1964-09-19,Italian,0
135,\N,Perry,McCarthy,1961-03-03,British,0
136,\N,Jan,Lammers,1956-06-02,Dutch,0
137,\N,Nelson,Piquet,1952-08-17,Brazilian,0
138,\N,Satoru,Nakajima,1953-02-23,Japanese,0
139,\N,Emanuele,Pirro,1962-01-12,Italian,0
140,\N,Stefan,Johansson,1956-09-08,Swedish,0
141,\N,Julian,Bailey,1961-10-09,British,0
142,\N,Pedro,Chaves,1965-02-27,Portuguese,0
143,\N,Michael,Bartels,1968-03-08,German,0
144,\N,Naoki,Hattori,1966-06-13,Japanese,0
145,\N,Alessandro,Nannini,1959-07-07,Italian,0
146,\N,Bernd,Schneider,1964-07-20,German,0
147,\N,Paolo,Barilla,1961-04-20,Italian,0
148,\N,Gregor,Foitek,1965-03-27,Swiss,0
149,\N,Claudio,Langes,1960-07-20,Italian,0
150,\N,Gary,Brabham,1961-03-29,Australian,0
151,\N,Martin,Donnelly,1964-03-26,British,0
152,\N,Bruno,Giacomelli,1952-09-10,Italian,0
153,\N,Jaime,Alguersuari,1990-03-23,Spanish,0
154,8,Romain,Grosjean,1986-04-17,French,0
155,10,Kamui,Kobayashi,1986-09-13,Japanese,0
156,\N,Jonathan,Palmer,1956-11-07,British,0
157,\N,Christian,Danner,1958-04-04,German,0
158,\N,Eddie,Cheever,1958-01-10,American,0
159,\N,Luis,Pérez-Sala,1959-05-15,Spanish,0
160,\N,Piercarlo,Ghinzani,1952-01-16,Italian,0
161,\N,Volker,Weidler,1962-03-18,German,0
162,\N,Pierre-Henri,Raphanel,1961-05-27,French,0
163,\N,René,Arnoux,1948-07-04,French,0
164,\N,Joachim,Winkelhock,1960-10-24,German,0
165,\N,Oscar,Larrauri,1954-08-19,Argentine,0
166,\N,Philippe,Streiff,1955-06-26,French,0
167,\N,Adrián,Campos,1960-06-17,Spanish,0
168,\N,Jean-Louis,Schlesser,1948-09-12,French,0
169,\N,Pascal,Fabre,1960-01-09,French,0
170,\N,Teo,Fabi,1955-03-09,Italian,0
171,\N,Franco,Forini,1958-09-22,Swiss,0
172,\N,Jacques,Laffite,1943-11-21,French,0
173,\N,Elio,de Angelis,1958-03-26,Italian,0
174,\N,Johnny,Dumfries,1958-04-26,British,0
175,\N,Patrick,Tambay,1949-06-25,French,0
176,\N,Marc,Surer,1951-09-18,Swiss,0
177,\N,Keke,Rosberg,1948-12-06,Finnish,0
178,\N,Alan,Jones,1946-11-02,Australian,0
179,\N,Huub,Rothengatter,1954-10-08,Dutch,0
180,\N,Allen,Berg,1961-08-01,Canadian,0
181,\N,Manfred,Winkelhock,1951-10-06,German,0
182,\N,Niki,Lauda,1949-02-22,Austrian,0
183,\N,François,Hesnault,1956-12-30,French,0
184,\N,Mauro,Baldi,1954-01-31,Italian,0
185,\N,Stefan,Bellof,1957-11-20,German,0
186,\N,Kenny,Acheson,1957-11-27,British,0
187,\N,John,Watson,1946-05-04,British,0
188,\N,Johnny,Cecotto,1956-01-25,Venezuelan,0
189,\N,Jo,Gartner,1954-01-24,Austrian,0
190,\N,Corrado,Fabi,1961-04-12,Italian,0
191,\N,Mike,Thackwell,1961-03-30,New Zealander,0
192,\N,Chico,Serra,1957-02-03,Brazilian,0
193,\N,Danny,Sullivan,1950-03-09,American,0
194,\N,Eliseo,Salazar,1954-11-14,Chilean,0
195,\N,Roberto,Guerrero,1958-11-16,Colombian,0
196,\N,Raul,Boesel,1957-12-04,Brazilian,0
197,\N,Jean-Pierre,Jarier,1946-07-10,French,0
198,\N,Jacques,Villeneuve Sr.,1953-11-04,Canadian,0
199,\N,Carlos,Reutemann,1942-04-12,Argentine,0
200,\N,Jochen,Mass,1946-09-30,German,0
201,\N,Slim,Borgudd,1946-11-25,Swedish,0
202,\N,Didier,Pironi,1952-03-26,French,0
203,\N,Gilles,Villeneuve,1950-01-18,Canadian,0
204,\N,Riccardo,Paletti,1958-06-15,Italian,0
205,\N,Brian,Henton,1946-09-19,British,0
206,\N,Derek,Daly,1953-03-11,Irish,0
207,\N,Mario,Andretti,1940-02-28,American,0
208,\N,Emilio,de Villota,1946-07-26,Spanish,0
209,\N,Geoff,Lees,1951-05-01,British,0
210,\N,Tommy,Byrne,1958-05-06,Irish,0
211,\N,Rupert,Keegan,1955-02-26,British,0
212,\N,Hector,Rebaque,1956-02-05,Mexican,0
213,\N,Beppe,Gabbiani,1957-01-02,Italian,0
214,\N,Kevin,Cogan,1956-03-31,American,0
215,\N,Miguel Ángel,Guerra,1953-08-31,Argentine,0
216,\N,Siegfried,Stohr,1952-10-10,Italian,0
217,\N,Ricardo,Zunino,1949-04-13,Argentine,0
218,\N,Ricardo,Londoño,1949-08-08,Colombian,0
219,\N,Jean-Pierre,Jabouille,1942-10-01,French,0
220,\N,Giorgio,Francia,1947-11-08,Italian,0
221,\N,Patrick,Depailler,1944-08-09,French,0
222,\N,Jody,Scheckter,1950-01-29,South African,0
223,\N,Clay,Regazzoni,1939-09-05,Swiss,0
224,\N,Emerson,Fittipaldi,1946-12-12,Brazilian,0
225,\N,Dave,Kennedy,1953-01-15,Irish,0
226,\N,Stephen,South,1952-02-19,British,0
227,\N,Tiff,Needell,1951-10-29,British,0
228,\N,Desiré,Wilson,1953-11-26,South African,0
229,\N,Harald,Ertl,1948-08-31,Austrian,0
230,\N,Vittorio,Brambilla,1937-11-11,Italian,0
231,\N,James,Hunt,1947-08-29,British,0
232,\N,Arturo,Merzario,1943-03-11,Italian,0
233,\N,Hans-Joachim,Stuck,1951-01-01,German,0
234,\N,Gianfranco,Brancatelli,1950-01-18,Italian,0
235,\N,Jacky,Ickx,1945-01-01,Belgian,0
236,\N,Patrick,Gaillard,1952-02-12,French,0
237,\N,Alex,Ribeiro,1948-11-07,Brazilian,0
238,\N,Ronnie,Peterson,1944-02-14,Swedish,0
239,\N,Brett,Lunger,1945-11-14,American,0
240,\N,Danny,Ongais,1942-05-21,American,0
241,\N,Lamberto,Leoni,1953-05-24,Italian,0
242,\N,Divina,Galica,1944-08-13,British,0
243,\N,Rolf,Stommelen,1943-07-11,German,0
244,\N,Alberto,Colombo,1946-02-23,Italian,0
245,\N,Tony,Trimmer,1943-01-24,British,0
246,\N,Hans,Binder,1948-06-12,Austrian,0
247,\N,Michael,Bleekemolen,1949-10-02,Dutch,0
248,\N,Carlo,Franchi,1938-01-01,Italian,0
249,\N,Bobby,Rahal,1953-01-10,American,0
250,\N,Carlos,Pace,1944-10-06,Brazilian,0
251,\N,Ian,Scheckter,1947-08-22,South African,0
252,\N,Tom,Pryce,1949-06-11,British,0
253,\N,Ingo,Hoffmann,1953-02-28,Brazilian,0
254,\N,Renzo,Zorzi,1946-12-12,Italian,0
255,\N,Gunnar,Nilsson,1948-11-20,Swedish,0
256,\N,Larry,Perkins,1950-03-18,Australian,0
257,\N,Boy,Lunger,1949-05-03,Dutch,0
258,\N,Patrick,Nève,1949-10-13,Belgian,0
259,\N,David,Purley,1945-01-26,British,0
260,\N,Conny,Andersson,1939-12-28,Swedish,0
261,\N,Bernard,de Dryver,1952-09-19,Belgian,0
262,\N,Jackie,Oliver,1942-08-14,British,0
263,\N,Mikko,Kozarowitzky,1948-05-17,Finnish,0
264,\N,Andy,Sutcliffe,1947-05-09,British,0
265,\N,Guy,Edwards,1942-12-30,British,0
266,\N,Brian,McGuire,1945-12-13,Australian,0
267,\N,Vern,Schuppan,1943-03-19,Australian,0
268,\N,Hans,Heyer,1943-03-16,German,0
269,\N,Teddy,Pilette,1942-07-26,Belgian,0
270,\N,Ian,Ashley,1947-10-26,British,0
271,\N,Loris,Kessel,1950-04-01,Swiss,0
272,\N,Kunimitsu,Takahashi,1940-01-29,Japanese,0
273,\N,Kazuyoshi,Hoshino,1947-07-01,Japanese,0
274,\N,Noritake,Takahara,1951-06-06,Japanese,0
275,\N,Lella,Lombardi,1941-03-26,Italian,0
276,\N,Bob,Evans,1947-06-11,British,0
277,\N,Michel,Leclère,1946-03-18,French,0
278,\N,Chris,Amon,1943-07-20,New Zealander,0
279,\N,Emilio,Zapico,1944-05-27,Spanish,0
280,\N,Henri,Pescarolo,1942-09-25,French,0
281,\N,Jac,Nelleman,1944-04-19,Danish,0
282,\N,Damien,Magee,1945-11-17,British,0
283,\N,Mike,Wilds,1946-01-07,British,0
284,\N,Alessandro,Pesenti-Rossi,1942-08-31,Italian,0
285,\N,Otto,Stuppacher,1947-03-03,Austrian,0
286,\N,Warwick,Brown,1949-12-24,Australian,0
287,\N,Masahiro,Hasemi,1945-11-13,Japanese,0
288,\N,Mark,Donohue,1937-03-18,American,0
289,\N,Graham,Hill,1929-02-15,British,0
290,\N,Wilson,Fittipaldi,1943-12-25,Brazilian,0
291,\N,Guy,Tunmer,1948-12-01,South African,0
292,\N,Eddie,Keizan,1944-09-12,South African,0
293,\N,Dave,Charlton,1936-10-27,South African,0
294,\N,Tony,Brise,1952-03-28,British,0
295,\N,Roelof,Wunderink,1948-12-12,Dutch,0
296,\N,François,Migault,1944-12-04,French,0
297,\N,Torsten,Palm,1947-07-23,Swedish,0
298,\N,Gijs,van Lennep,1942-03-16,Dutch,0
299,\N,Hiroshi,Fushida,1946-03-10,Japanese,0
300,\N,John,Nicholson,1941-10-06,New Zealander,0
301,\N,Dave,Morgan,1944-08-07,British,0
302,\N,Jim,Crawford,1948-02-13,British,0
303,\N,Jo,Vonlanthen,1942-05-31,Swiss,0
304,\N,Denny,Hulme,1936-06-18,New Zealander,0
305,\N,Mike,Hailwood,1940-04-02,British,0
306,\N,Jean-Pierre,Beltoise,1937-04-26,French,0
307,\N,Howden,Ganley,1941-12-24,New Zealander,0
308,\N,Richard,Robarts,1944-09-22,British,0
309,\N,Peter,Revson,1939-02-27,American,0
310,\N,Paddy,Driver,1934-05-13,South African,0
311,\N,Tom,Belsø,1942-08-27,Danish,0
312,\N,Brian,Redman,1937-03-09,British,0
313,\N,Rikky,von Opel,1947-10-14,Liechtensteiner,0
314,\N,Tim,Schenken,1943-09-26,Australian,0
315,\N,Gérard,Larrousse,1940-05-23,French,0
316,\N,Leo,Kinnunen,1943-08-05,Finnish,0
317,\N,Reine,Wisell,1941-09-30,Swedish,0
318,\N,Bertil,Roos,1943-10-12,Swedish,0
319,\N,José,Dolhem,1944-04-26,French,0
320,\N,Peter,Gethin,1940-02-21,British,0
321,\N,Derek,Bell,1941-10-31,British,0
322,\N,David,Hobbs,1939-06-09,British,0
323,\N,Dieter,Quester,1939-05-30,Austrian,0
324,\N,Helmuth,Koinigg,1948-11-03,Austrian,0
325,\N,Carlo,Facetti,1935-06-26,Italian,0
326,\N,Eppie,Wietzes,1938-05-28,Canadian,0
327,\N,François,Cevert,1944-02-25,French,0
328,\N,Jackie,Stewart,1939-06-11,British,0
329,\N,Mike,Beuttler,1940-04-13,British,0
330,\N,Nanni,Galli,1940-10-02,Italian,0
331,\N,Luiz,Bueno,1937-01-16,Brazilian,0
332,\N,George,Follmer,1934-01-27,American,0
333,\N,Andrea,de Adamich,1941-10-03,Italian,0
334,\N,Jackie,Pretorius,1934-11-22,South African,0
335,\N,Roger,Williamson,1948-02-02,British,0
336,\N,Graham,McRae,1940-03-05,New Zealander,0
337,\N,Helmut,Marko,1943-04-27,Austrian,0
338,\N,David,Walker,1941-06-10,Australian,0
339,\N,Alex,Soler-Roig,1932-10-29,Spanish,0
340,\N,John,Love,1924-12-07,Rhodesian,0
341,\N,John,Surtees,1934-02-11,British,0
342,\N,Skip,Barber,1936-11-16,American,0
343,\N,Bill,Brack,1935-12-26,Canadian,0
344,\N,Sam,Posey,1944-05-26,American,0
345,\N,Pedro,Rodríguez,1940-01-18,Mexican,0
346,\N,Jo,Siffert,1936-07-07,Swiss,0
347,\N,Jo,Bonnier,1930-01-31,Swedish,0
348,\N,François,Mazet,1943-02-24,French,0
349,\N,Max,Jean,1943-07-27,French,0
350,\N,Vic,Elford,1935-06-10,British,0
351,\N,Silvio,Moser,1941-04-24,Swiss,0
352,\N,George,Eaton,1945-11-12,Canadian,0
353,\N,Pete,Lovely,1926-04-11,American,0
354,\N,Chris,Craft,1939-11-17,British,0
355,\N,John,Cannon,1933-06-21,Canadian,0
356,\N,Jack,Brabham,1926-04-02,Australian,0
357,\N,John,Miles,1943-06-14,British,0
358,\N,Jochen,Rindt,1942-04-18,Austrian,0
359,\N,Johnny,Servoz-Gavin,1942-01-18,French,0
360,\N,Bruce,McLaren,1937-08-30,New Zealander,0
361,\N,Piers,Courage,1942-05-27,British,0
362,\N,Peter,de Klerk,1935-03-16,South African,0
363,\N,Ignazio,Giunti,1941-08-30,Italian,0
364,\N,Dan,Gurney,1931-04-13,American,0
365,\N,Hubert,Hahne,1935-03-28,German,0
366,\N,Gus,Hutchison,1937-04-26,American,0
367,\N,Peter,Westbury,1938-05-26,British,0
368,\N,Sam,Tingle,1921-08-24,Rhodesian,0
369,\N,Basil,van Rooyen,1939-04-19,South African,0
370,\N,Richard,Attwood,1940-04-04,British,0
371,\N,Al,Pease,1921-10-15,Canadian,0
372,\N,John,Cordts,1935-07-23,Canadian,0
373,\N,Jim,Clark,1936-03-04,British,0
374,\N,Mike,Spence,1936-12-30,British,0
375,\N,Ludovico,Scarfiotti,1933-10-18,Italian,0
376,\N,Lucien,Bianchi,1934-11-10,Belgian,0
377,\N,Jo,Schlesser,1928-05-18,French,0
378,\N,Robin,Widdows,1942-05-27,British,0
379,\N,Kurt,Ahrens,1940-04-19,German,0
380,\N,Frank,Gardner,1930-10-01,Australian,0
381,\N,Bobby,Unser,1934-02-20,American,0
382,\N,Moisés,Solana,1935-12-26,Mexican,0
383,\N,Bob,Anderson,1931-05-19,British,0
384,\N,Luki,Botha,1930-01-16,South African,0
385,\N,Lorenzo,Bandini,1935-12-21,Italian,0
386,\N,Richie,Ginther,1930-08-05,American,0
387,\N,Mike,Parkes,1931-09-24,British,0
388,\N,Chris,Irwin,1942-06-27,British,0
389,\N,Guy,Ligier,1930-07-12,French,0
390,\N,Alan,Rees,1938-01-12,British,0
391,\N,Brian,Hart,1936-09-07,British,0
392,\N,Mike,Fisher,1943-03-13,American,0
393,\N,Tom,Jones,1943-04-26,American,0
394,\N,Giancarlo,Baghetti,1934-12-25,Italian,0
395,\N,Jonathan,Williams,1942-10-26,British,0
396,\N,Bob,Bondurant,1933-04-27,American,0
397,\N,Peter,Arundell,1933-11-08,British,0
398,\N,Vic,Wilson,1931-04-14,British,0
399,\N,John,Taylor,1933-03-23,British,0
400,\N,Chris,Lawrence,1933-07-27,British,0
401,\N,Trevor,Taylor,1936-12-26,British,0
402,\N,Giacomo,Russo,1937-10-23,Italian,0
403,\N,Phil,Hill,1927-04-20,American,0
404,\N,Innes,Ireland,1930-06-12,British,0
405,\N,Ronnie,Bucknum,1936-04-05,American,0
406,\N,Paul,Hawkins,1937-10-12,Australian,0
407,\N,David,Prophet,1937-10-09,British,0
408,\N,Tony,Maggs,1937-02-09,South African,0
409,\N,Trevor,Blokdyk,1935-11-30,South African,0
410,\N,Neville,Lederle,1938-09-25,South African,0
411,\N,Doug,Serrurier,1920-12-09,South African,0
412,\N,Brausch,Niemann,1939-01-07,South African,0
413,\N,Ernie,Pieterse,1938-07-04,South African,0
414,\N,Clive,Puzey,1941-07-11,Rhodesian,0
415,\N,Ray,Reed,1932-04-30,South African,0
416,\N,David,Clapham,1931-05-18,South African,0
417,\N,Alex,Blignaut,1932-11-30,South African,0
418,\N,Masten,Gregory,1932-02-29,American,0
419,\N,John,Rhodes,1927-08-18,British,0
420,\N,Ian,Raby,1921-09-22,British,0
421,\N,Alan,Rollinson,1943-05-15,British,0
422,\N,Brian,Gubby,1934-04-17,British,0
423,\N,Gerhard,Mitter,1935-08-30,German,0
424,\N,Roberto,Bussinello,1927-10-04,Italian,0
425,\N,Nino,Vaccarella,1933-03-04,Italian,0
426,\N,Giorgio,Bassi,1934-01-20,Italian,0
427,\N,Maurice,Trintignant,1917-10-30,French,0
428,\N,Bernard,Collomb,1930-10-07,French,0
429,\N,André,Pilette,1918-10-06,Belgian,0
430,\N,Carel Godin,de Beaufort,1934-04-10,Dutch,0
431,\N,Edgar,Barth,1917-01-26,German,0
432,\N,Mário de Araújo,Cabral,1934-01-15,Portuguese,0
433,\N,Walt,Hansgen,1919-10-28,American,0
434,\N,Hap,Sharp,1928-01-01,American,0
435,\N,Willy,Mairesse,1928-10-01,Belgian,0
436,\N,John,Campbell-Jones,1930-01-21,British,0
437,\N,Ian,Burgess,1930-07-06,British,0
438,\N,Tony,Settember,1926-07-10,American,0
439,\N,Nasif,Estéfano,1932-11-18,Argentine,0
440,\N,Jim,Hall,1935-07-23,American,0
441,\N,Tim,Parnell,1932-06-25,British,0
442,\N,Kurt,Kuhnke,1910-04-30,German,0
443,\N,Ernesto,Brambilla,1934-01-31,Italian,0
444,\N,Roberto,Lippi,1926-10-17,Italian,0
445,\N,Günther,Seiffert,1937-10-18,German,0
446,\N,Carlo,Abate,1932-07-10,Italian,0
447,\N,Gaetano,Starrabba,1932-12-03,Italian,0
448,\N,Peter,Broeker,1926-05-15,Canadian,0
449,\N,Rodger,Ward,1921-01-10,American,0
450,\N,Ernie,de Vos,1941-07-01,Dutch,0
451,\N,Frank,Dochnal,1920-10-08,American,0
452,\N,Thomas,Monarch,1945-09-03,American,0
842,10,Pierre,Gasly,1996-02-07,French,1
453,\N,Jackie,Lewis,1936-11-01,British,0
454,\N,Ricardo,Rodríguez,1942-02-14,Mexican,0
455,\N,Wolfgang,Seidel,1926-07-04,German,0
456,\N,Roy,Salvadori,1922-05-12,British,0
457,\N,Ben,Pon,1936-12-09,Dutch,0
458,\N,Rob,Slotemaker,1929-06-13,Dutch,0
459,\N,Tony,Marsh,1931-07-20,British,0
460,\N,Gerry,Ashmore,1936-07-25,British,0
461,\N,Heinz,Schiller,1930-01-25,Swiss,0
462,\N,Colin,Davis,1933-07-29,British,0
463,\N,Jay,Chamberlain,1925-12-29,American,0
464,\N,Tony,Shelly,1937-02-02,New Zealander,0
465,\N,Keith,Greene,1938-01-05,British,0
466,\N,Heini,Walter,1927-07-28,Swiss,0
467,\N,Ernesto,Prinoth,1923-04-15,Italian,0
468,\N,Roger,Penske,1937-02-20,American,0
469,\N,Rob,Schroeder,1926-05-11,British,0
470,\N,Timmy,Mayer,1938-02-22,American,0
471,\N,Bruce,Johnstone,1937-01-30,South African,0
472,\N,Mike,Harris,1939-05-25,South African,0
473,\N,Gary,Hocking,1937-09-30,Rhodesian,0
474,\N,Syd,van der Vyver,1920-06-01,South African,0
475,\N,Stirling,Moss,1929-09-17,British,0
476,\N,Wolfgang,von Trips,1928-05-04,German,0
477,\N,Cliff,Allison,1932-02-08,British,0
478,\N,Hans,Herrmann,1928-02-23,German,0
479,\N,Tony,Brooks,1932-02-25,British,0
480,\N,Michael,May,1934-08-18,Swiss,0
481,\N,Henry,Taylor,1932-12-16,British,0
482,\N,Olivier,Gendebien,1924-01-12,Belgian,0
483,\N,Giorgio,Scarlatti,1921-10-02,Italian,0
484,\N,Brian,Naylor,1923-03-24,British,0
485,\N,Juan Manuel,Bordeu,1934-01-28,Argentine,0
486,\N,Jack,Fairman,1913-03-15,British,0
487,\N,Massimo,Natili,1935-07-28,Italian,0
488,\N,Peter,Monteverdi,1934-06-07,Swiss,0
489,\N,Renato,Pirocchi,1933-03-26,Italian,0
490,\N,Geoff,Duke,1923-03-29,British,0
491,\N,Alfonso,Thiele,1920-04-05,American-Italian,0
492,\N,Menato,Boffa,1930-01-04,Italian,0
493,\N,Peter,Ryan,1940-06-10,Canadian,0
494,\N,Lloyd,Ruby,1928-01-12,American,0
495,\N,Ken,Miles,1918-11-01,British,0
496,\N,Carlos,Menditeguy,1914-08-10,Argentine,0
497,\N,Alberto Rodriguez,Larreta,1934-01-14,Argentine,0
498,\N,José Froilán,González,1922-10-05,Argentine,0
499,\N,Roberto,Bonomi,1919-09-30,Argentine,0
500,\N,Gino,Munaron,1928-04-02,Italian,0
501,\N,Harry,Schell,1921-06-29,American,0
502,\N,Alan,Stacey,1933-08-29,British,0
503,\N,Ettore,Chimeri,1921-06-04,Venezuelan,0
504,\N,Antonio,Creus,1924-10-28,Spanish,0
505,\N,Chris,Bristow,1937-12-02,British,0
506,\N,Bruce,Halford,1931-05-18,British,0
507,\N,Chuck,Daigh,1923-11-29,American,0
508,\N,Lance,Reventlow,1936-02-24,American,0
509,\N,Jim,Rathmann,1928-07-16,American,0
510,\N,Paul,Goldsmith,1925-10-02,American,0
511,\N,Don,Branson,1920-06-02,American,0
512,\N,Johnny,Thomson,1922-04-09,American,0
513,\N,Eddie,Johnson,1919-02-10,American,0
514,\N,Bob,Veith,1926-11-01,American,0
515,\N,Bud,Tingelstad,1928-04-04,American,0
516,\N,Bob,Christie,1924-04-04,American,0
517,\N,Red,Amick,1929-01-19,American,0
518,\N,Duane,Carter,1913-05-05,American,0
519,\N,Bill,Homeier,1918-08-31,American,0
520,\N,Gene,Hartley,1926-01-28,American,0
521,\N,Chuck,Stevenson,1919-10-15,American,0
522,\N,Bobby,Grim,1924-09-04,American,0
523,\N,Shorty,Templeman,1919-08-12,American,0
524,\N,Jim,Hurtubise,1932-12-05,American,0
525,\N,Jimmy,Bryan,1926-01-28,American,0
526,\N,Troy,Ruttman,1930-03-11,American,0
527,\N,Eddie,Sachs,1927-05-28,American,0
528,\N,Don,Freeland,1925-03-25,American,0
529,\N,Tony,Bettenhausen,1916-09-12,American,0
530,\N,Wayne,Weiler,1934-12-09,American,0
531,\N,Anthony,Foyt,1935-01-16,American,0
532,\N,Eddie,Russo,1925-11-19,American,0
533,\N,Johnny,Boyd,1926-08-19,American,0
534,\N,Gene,Force,1916-06-15,American,0
535,\N,Jim,McWithey,1927-07-04,American,0
536,\N,Len,Sutton,1925-08-09,American,0
537,\N,Dick,Rathmann,1924-01-06,American,0
538,\N,Al,Herman,1927-03-15,American,0
539,\N,Dempsey,Wilson,1927-03-11,American,0
540,\N,Mike,Taylor,1934-04-24,British,0
541,\N,Ron,Flockhart,1923-06-16,British,0
542,\N,David,Piper,1930-12-02,British,0
543,\N,Giulio,Cabianca,1923-02-19,Italian,0
544,\N,Piero,Drogo,1926-08-08,Italian,0
545,\N,Fred,Gamble,1932-03-17,American,0
546,\N,Arthur,Owen,1915-03-23,British,0
547,\N,Horace,Gould,1918-09-20,British,0
548,\N,Bob,Drake,1919-12-14,American,0
549,\N,Ivor,Bueb,1923-06-06,British,0
550,\N,Alain,de Changy,1922-02-05,Belgian,0
551,\N,Maria,de Filippis,1926-11-11,Italian,0
552,\N,Jean,Lucienbonnet,1923-01-07,French,0
553,\N,André,Testut,1926-04-13,Monegasque,0
554,\N,Jean,Behra,1921-02-16,French,0
555,\N,Paul,Russo,1914-04-10,American,0
556,\N,Jimmy,Daywalt,1924-08-28,American,0
557,\N,Chuck,Arnold,1926-05-30,American,0
558,\N,Al,Keller,1920-04-11,American,0
559,\N,Pat,Flaherty,1926-01-06,American,0
560,\N,Bill,Cheesbourg,1927-06-12,American,0
561,\N,Ray,Crawford,1915-10-26,American,0
562,\N,Jack,Turner,1920-02-12,American,0
563,\N,Chuck,Weyant,1923-04-03,American,0
564,\N,Jud,Larson,1923-01-21,American,0
565,\N,Mike,Magill,1920-02-08,American,0
566,\N,Carroll,Shelby,1923-01-11,American,0
567,\N,Fritz,d'Orey,1938-03-25,Brazilian,0
568,\N,Azdrubal,Fontes,1922-12-26,Uruguayan,0
569,\N,Peter,Ashdown,1934-10-16,British,0
570,\N,Bill,Moss,1933-09-04,British,0
571,\N,Dennis,Taylor,1921-06-12,British,0
572,\N,Harry,Blanchard,1929-06-13,American,0
573,\N,Alessandro,de Tomaso,1928-07-10,Argentine-Italian,0
574,\N,George,Constantine,1918-02-22,American,0
575,\N,Bob,Said,1932-05-05,American,0
576,\N,Phil,Cade,1916-06-12,American,0
577,\N,Luigi,Musso,1924-07-28,Italian,0
578,\N,Mike,Hawthorn,1929-04-10,British,0
579,\N,Juan,Fangio,1911-06-24,Argentine,0
580,\N,Paco,Godia,1921-03-21,Spanish,0
581,\N,Peter,Collins,1931-11-06,British,0
582,\N,Ken,Kavanagh,1923-12-12,Australian,0
583,\N,Gerino,Gerini,1928-08-10,Italian,0
584,\N,Bruce,Kessler,1936-03-23,American,0
585,\N,Paul,Emery,1916-11-12,British,0
586,\N,Luigi,Piotti,1913-10-27,Italian,0
587,\N,Bernie,Ecclestone,1930-10-28,British,0
588,\N,Luigi,Taramazzo,1932-05-05,Italian,0
589,\N,Louis,Chiron,1899-08-03,Monegasque,0
590,\N,Stuart,Lewis-Evans,1930-04-20,British,0
591,\N,George,Amick,1924-10-24,American,0
592,\N,Jimmy,Reece,1929-11-17,American,0
593,\N,Johnnie,Parsons,1918-07-04,American,0
594,\N,Johnnie,Tolan,1917-10-22,American,0
595,\N,Billy,Garrett,1933-04-24,American,0
596,\N,Ed,Elisian,1926-12-09,American,0
597,\N,Pat,O'Connor,1928-10-09,American,0
598,\N,Jerry,Unser,1932-11-15,American,0
599,\N,Art,Bisch,1926-11-10,American,0
600,\N,Christian,Goethals,1928-08-04,Belgian,0
601,\N,Dick,Gibson,1918-04-16,British,0
602,\N,Robert,La Caze,1917-02-26,French,0
603,\N,André,Guelfi,1919-05-06,French,0
604,\N,François,Picard,1921-04-26,French,0
605,\N,Tom,Bridger,1934-06-24,British,0
606,\N,Alfonso,de Portago,1928-10-11,Spanish,0
607,\N,Cesare,Perdisa,1932-10-21,Italian,0
608,\N,Eugenio,Castellotti,1930-10-10,Italian,0
609,\N,André,Simon,1920-01-05,French,0
610,\N,Les,Leston,1920-12-16,British,0
611,\N,Sam,Hanks,1914-07-13,American,0
612,\N,Andy,Linden,1922-04-05,American,0
613,\N,Marshall,Teague,1921-02-22,American,0
614,\N,Don,Edmunds,1930-09-23,American,0
615,\N,Fred,Agabashian,1913-08-21,American,0
616,\N,Elmer,George,1928-07-15,American,0
617,\N,Mike,MacDowel,1932-09-13,British,0
618,\N,Herbert,MacKay-Fraser,1927-06-23,American,0
619,\N,Bob,Gerard,1914-01-19,British,0
620,\N,Umberto,Maglioli,1928-06-05,Italian,0
621,\N,Paul,England,1929-03-28,Australian,0
622,\N,Chico,Landi,1907-07-14,Brazilian,0
623,\N,Alberto,Uria,1924-07-11,Uruguayan,0
624,\N,Hernando,da Silva Ramos,1925-12-07,Brazilian,0
625,\N,Élie,Bayol,1914-02-28,French,0
626,\N,Robert,Manzon,1917-04-12,French,0
627,\N,Louis,Rosier,1905-11-05,French,0
628,\N,Bob,Sweikert,1926-05-20,American,0
629,\N,Cliff,Griffith,1916-02-06,American,0
630,\N,Duke,Dinsmore,1913-04-10,American,0
631,\N,Keith,Andrews,1920-06-15,American,0
632,\N,Paul,Frère,1917-01-30,Belgian,0
633,\N,Luigi,Villoresi,1909-05-16,Italian,0
634,\N,Piero,Scotti,1909-11-11,Italian,0
635,\N,Colin,Chapman,1928-05-19,British,0
636,\N,Desmond,Titterington,1928-05-01,British,0
637,\N,Archie,Scott Brown,1927-05-13,British,0
638,\N,Ottorino,Volonterio,1917-12-07,Swiss,0
639,\N,André,Milhoux,1928-12-09,Belgian,0
640,\N,Toulo,de Graffenried,1914-05-18,Swiss,0
641,\N,Piero,Taruffi,1906-10-12,Italian,0
642,\N,Nino,Farina,1906-10-30,Italian,0
643,\N,Roberto,Mieres,1924-12-03,Argentine,0
644,\N,Sergio,Mantovani,1929-05-22,Italian,0
645,\N,Clemar,Bucci,1920-09-04,Argentine,0
646,\N,Jesús,Iglesias,1922-02-22,Argentine,0
647,\N,Alberto,Ascari,1918-07-13,Italian,0
648,\N,Karl,Kling,1910-09-16,German,0
649,\N,Pablo,Birger,1924-01-07,Argentine,0
650,\N,Jacques,Pollet,1922-07-02,French,0
651,\N,Lance,Macklin,1919-09-02,British,0
652,\N,Ted,Whiteaway,1928-11-01,British,0
653,\N,Jimmy,Davies,1929-08-08,American,0
654,\N,Walt,Faulkner,1920-02-16,American,0
655,\N,Cal,Niday,1914-04-29,American,0
656,\N,Art,Cross,1918-01-24,American,0
657,\N,Bill,Vukovich,1918-12-13,American,0
658,\N,Jack,McGrath,1919-10-08,American,0
659,\N,Jerry,Hoyt,1929-01-29,American,0
660,\N,Johnny,Claes,1916-08-11,Belgian,0
661,\N,Peter,Walker,1912-10-07,British,0
662,\N,Mike,Sparken,1930-06-16,French,0
663,\N,Ken,Wharton,1916-03-21,British,0
664,\N,Kenneth,McAlpine,1920-09-21,British,0
665,\N,Leslie,Marr,1922-08-14,British,0
666,\N,Tony,Rolt,1918-10-16,British,0
667,\N,John,Fitch,1917-08-04,American,0
668,\N,Jean,Lucas,1917-04-25,French,0
669,\N,Prince,Bira,1914-07-15,Thai,0
670,\N,Onofre,Marimón,1923-12-19,Argentine,0
671,\N,Roger,Loyer,1907-08-05,French,0
672,\N,Jorge,Daponte,1923-06-05,Argentine,0
673,\N,Mike,Nazaruk,1921-10-02,American,0
674,\N,Larry,Crockett,1926-10-23,American,0
675,\N,Manny,Ayulo,1921-10-20,American,0
676,\N,Frank,Armi,1918-10-12,American,0
677,\N,Travis,Webb,1910-10-08,American,0
678,\N,Len,Duncan,1911-07-25,American,0
679,\N,Ernie,McCoy,1921-02-19,American,0
680,\N,Jacques,Swaters,1926-10-30,American,0
681,\N,Georges,Berger,1918-09-14,Belgian,0
682,\N,Don,Beauman,1928-07-26,British,0
683,\N,Leslie,Thorne,1916-06-23,British,0
684,\N,Bill,Whitehouse,1909-04-01,British,0
685,\N,John,Riseley-Prichard,1924-01-17,British,0
686,\N,Reg,Parnell,1911-07-02,British,0
687,\N,Peter,Whitehead,1914-11-12,British,0
688,\N,Eric,Brandon,1920-07-18,British,0
689,\N,Alan,Brown,1919-11-20,British,0
690,\N,Rodney,Nuckey,1929-06-26,British,0
691,\N,Hermann,Lang,1909-04-06,German,0
692,\N,Theo,Helfrich,1913-05-13,German,0
693,\N,Fred,Wacker,1918-07-10,American,0
694,\N,Giovanni,de Riu,1925-03-10,Italian,0
695,\N,Oscar,Gálvez,1913-08-17,Argentine,0
696,\N,John,Barber,1929-07-22,British,0
697,\N,Felice,Bonetto,1903-06-09,Italian,0
698,\N,Adolfo,Cruz,1923-06-28,Argentine,0
699,\N,Duke,Nalon,1913-03-02,American,0
700,\N,Carl,Scarborough,1914-07-03,American,0
701,\N,Bill,Holland,1907-12-18,American,0
702,\N,Bob,Scott,1928-10-04,American,0
703,\N,Arthur,Legat,1898-11-01,Belgian,0
704,\N,Yves,Cabantous,1904-10-08,French,0
705,\N,Tony,Crook,1920-02-16,British,0
706,\N,Jimmy,Stewart,1931-03-06,British,0
707,\N,Ian,Stewart,1929-07-15,British,0
708,\N,Duncan,Hamilton,1920-04-30,British,0
709,\N,Ernst,Klodwig,1903-05-23,East German,0
710,\N,Rudolf,Krause,1907-03-30,East German,0
711,\N,Oswald,Karch,1917-03-06,German,0
712,\N,Willi,Heeks,1922-02-13,German,0
713,\N,Theo,Fitzau,1923-02-10,East German,0
714,\N,Kurt,Adolff,1921-11-05,German,0
715,\N,Günther,Bechem,1921-12-21,German,0
716,\N,Erwin,Bauer,1912-07-17,German,0
717,\N,Hans,von Stuck,1900-12-27,German,0
718,\N,Ernst,Loof,1907-07-04,German,0
719,\N,Albert,Scherrer,1908-02-28,Swiss,0
720,\N,Max,de Terra,1918-10-06,Swiss,0
721,\N,Peter,Hirt,1910-03-30,Swiss,0
722,\N,Piero,Carini,1921-03-06,Italian,0
723,\N,Rudi,Fischer,1912-04-19,Swiss,0
724,\N,Toni,Ulmen,1906-01-25,German,0
725,\N,George,Abecassis,1913-03-21,British,0
726,\N,George,Connor,1906-08-16,American,0
727,\N,Jim,Rigsby,1923-06-06,American,0
728,\N,Joe,James,1925-05-23,American,0
729,\N,Bill,Schindler,1909-03-06,American,0
730,\N,George,Fonder,1917-06-22,American,0
731,\N,Henry,Banks,1913-06-14,American,0
732,\N,Johnny,McDowell,1915-01-29,American,0
733,\N,Chet,Miller,1902-07-19,American,0
734,\N,Bobby,Ball,1925-08-26,American,0
735,\N,Charles,de Tornaco,1927-06-07,Belgian,0
736,\N,Roger,Laurent,1913-02-21,Belgian,0
737,\N,Robert,O'Brien,1908-04-11,American,0
738,\N,Tony,Gaze,1920-02-03,Australian,0
739,\N,Robin,Montgomerie-Charrington,1915-06-23,British,0
740,\N,Franco,Comotti,1906-07-24,Italian,0
741,\N,Philippe,Étancelin,1896-12-28,French,0
742,\N,Dennis,Poore,1916-08-19,British,0
743,\N,Eric,Thompson,1919-11-04,British,0
744,\N,Ken,Downing,1917-12-05,British,0
745,\N,Graham,Whitehead,1922-04-15,British,0
746,\N,Gino,Bianco,1916-07-22,Brazilian,0
747,\N,David,Murray,1909-12-28,British,0
748,\N,Eitel,Cantoni,1906-10-04,Uruguayan,0
749,\N,Bill,Aston,1900-03-29,British,0
750,\N,Adolf,Brudes,1899-10-15,German,0
751,\N,Fritz,Riess,1922-07-11,German,0
752,\N,Helmut,Niedermayr,1915-11-29,German,0
753,\N,Hans,Klenk,1919-10-28,German,0
754,\N,Marcel,Balsa,1909-01-01,French,0
755,\N,Rudolf,Schoeller,1902-04-27,Swiss,0
756,\N,Paul,Pietsch,1911-06-20,German,0
757,\N,Josef,Peters,1914-09-16,German,0
758,\N,Dries,van der Lof,1919-08-23,Dutch,0
759,\N,Jan,Flinterman,1919-10-02,Dutch,0
760,\N,Piero,Dusio,1899-10-13,Italian,0
761,\N,Alberto,Crespo,1920-01-16,Argentine,0
762,\N,Franco,Rol,1908-06-05,Italian,0
763,\N,Consalvo,Sanesi,1911-03-28,Italian,0
764,\N,Guy,Mairesse,1910-08-10,French,0
765,\N,Henri,Louveau,1910-01-25,French,0
766,\N,Lee,Wallard,1910-09-07,American,0
767,\N,Carl,Forberg,1911-03-04,American,0
768,\N,Mauri,Rose,1906-05-26,American,0
769,\N,Bill,Mackey,1927-12-15,American,0
770,\N,Cecil,Green,1919-09-30,American,0
771,\N,Walt,Brown,1911-12-30,American,0
772,\N,Mack,Hellings,1915-09-14,American,0
773,\N,Pierre,Levegh,1905-12-22,French,0
774,\N,Eugène,Chaboud,1907-04-12,French,0
775,\N,Aldo,Gordini,1921-05-20,French,0
776,\N,Joe,Kelly,1913-03-13,Irish,0
777,\N,Philip,Fotheringham-Parker,1907-09-22,British,0
778,\N,Brian,Shawe Taylor,1915-01-28,British,0
779,\N,John,James,1914-05-10,British,0
780,\N,Toni,Branca,1916-09-15,Swiss,0
781,\N,Ken,Richardson,1911-08-21,British,0
782,\N,Juan,Jover,1903-11-23,Spanish,0
783,\N,Georges,Grignard,1905-07-25,French,0
784,\N,David,Hampshire,1917-12-29,British,0
785,\N,Geoff,Crossley,1921-05-11,British,0
786,\N,Luigi,Fagioli,1898-06-09,Italian,0
787,\N,Cuth,Harrison,1906-07-06,British,0
788,\N,Joe,Fry,1915-10-26,British,0
789,\N,Eugène,Martin,1915-03-24,French,0
790,\N,Leslie,Johnson,1912-03-22,British,0
791,\N,Clemente,Biondetti,1898-08-18,Italian,0
792,\N,Alfredo,Pián,1912-10-21,Argentine,0
793,\N,Raymond,Sommer,1906-08-31,French,0
794,\N,Joie,Chitwood,1912-04-14,American,0
795,\N,Myron,Fohr,1912-06-17,American,0
796,\N,Walt,Ader,1913-12-15,American,0
797,\N,Jackie,Holmes,1920-09-04,American,0
798,\N,Bayliss,Levrett,1914-02-14,American,0
799,\N,Jimmy,Jackson,1910-07-25,American,0
800,\N,Nello,Pagani,1911-10-11,Italian,0
801,\N,Charles,Pozzi,1909-08-27,French,0
802,\N,Dorino,Serafini,1909-07-22,Italian,0
803,\N,Bill,Cantrell,1908-01-31,American,0
804,\N,Johnny,Mantz,1918-09-18,American,0
805,\N,Danny,Kladis,1917-02-10,American,0
806,\N,Óscar,González,1923-11-10,Uruguayan,0
807,27,Nico,Hülkenberg,1987-08-19,German,1
808,\N,Vitaly,Petrov,1984-09-08,Russian,0
810,\N,Lucas,di Grassi,1984-08-11,Brazilian,0
811,\N,Bruno,Senna,1983-10-15,Brazilian,0
812,\N,Karun,Chandhok,1984-01-19,Indian,0
813,13,Pastor,Maldonado,1985-03-09,Venezuelan,0
814,\N,Paul,di Resta,1986-04-16,British,0
815,11,Sergio,Pérez,1990-01-26,Mexican,1
816,\N,Jérôme,d'Ambrosio,1985-12-27,Belgian,0
817,3,Daniel,Ricciardo,1989-07-01,Australian,0
818,25,Jean-Éric,Vergne,1990-04-25,French,0
819,\N,Charles,Pic,1990-02-15,French,0
820,4,Max,Chilton,1991-04-21,British,0
821,21,Esteban,Gutiérrez,1991-08-05,Mexican,0
822,77,Valtteri,Bottas,1989-08-28,Finnish,1
823,\N,Giedo,van der Garde,1985-04-25,Dutch,0
824,17,Jules,Bianchi,1989-08-03,French,0
825,20,Kevin,Magnussen,1992-10-05,Danish,1
826,26,Daniil,Kvyat,1994-04-26,Russian,0
827,45,André,Lotterer,1981-11-19,German,0
828,9,Marcus,Ericsson,1990-09-02,Swedish,0
829,28,Will,Stevens,1991-06-28,British,0
830,33,Max,Verstappen,1997-09-30,Dutch,1
831,12,Felipe,Nasr,1992-08-21,Brazilian,0
832,55,Carlos,Sainz,1994-09-01,Spanish,1
833,98,Roberto,Merhi,1991-03-22,Spanish,0
834,53,Alexander,Rossi,1991-09-25,American,0
835,30,Jolyon,Palmer,1991-01-20,British,0
836,94,Pascal,Wehrlein,1994-10-18,German,0
837,88,Rio,Haryanto,1993-01-22,Indonesian,0
838,2,Stoffel,Vandoorne,1992-03-26,Belgian,0
839,31,Esteban,Ocon,1996-09-17,French,1
840,18,Lance,Stroll,1998-10-29,Canadian,1
841,99,Antonio,Giovinazzi,1993-12-14,Italian,0
843,28,Brendon,Hartley,1989-11-10,New Zealander,0
844,16,Charles,Leclerc,1997-10-16,Monegasque,1
845,35,Sergey,Sirotkin,1995-08-27,Russian,0
846,4,Lando,Norris,1999-11-13,British,1
847,63,George,Russell,1998-02-15,British,1
848,23,Alexander,Albon,1996-03-23,Thai,1
849,6,Nicholas,Latifi,1995-06-29,Canadian,0
850,51,Pietro,Fittipaldi,1996-06-25,Brazilian,0
851,89,Jack,Aitken,1995-09-23,British,0
852,22,Yuki,Tsunoda,2000-05-11,Japanese,1
853,9,Nikita,Mazepin,1999-03-02,Russian,0
854,47,Mick,Schumacher,1999-03-22,German,0
855,24,Guanyu,Zhou,1999-05-30,Chinese,1
856,21,Nyck,de Vries,1995-02-06,Dutch,0
857,81,Oscar,Piastri,2001-04-06,Australian,1
858,2,Logan,Sargeant,2000-12-31,American,1
